"Reference","Qty","Value","DNP","Exclude from BOM","Exclude from Board","Footprint","Datasheet"
"BOOT1,EN1","2","SW_Push","","","","Button_Switch_THT:SW_PUSH_6mm",""
"C1,C5","2","100n","","","","Capacitor_SMD:C_0805_2012Metric",""
"C2","1","10u","","","","Capacitor_SMD:C_0805_2012Metric",""
"C3","1","22u","","","","Capacitor_SMD:C_0805_2012Metric",""
"C4","1","10U","","","","Capacitor_SMD:C_0805_2012Metric",""
"C6","1","10n","","","","Capacitor_THT:C_Rect_L13.0mm_W6.5mm_P7.50mm_P10.00mm",""
"D1","1","LED","","","","LED_THT:LED_D3.0mm",""
"J2","1","Conn_01x03_Pin","","","","Connector_PinSocket_2.54mm:PinSocket_1x03_P2.54mm_Vertical",""
"J3","1","SIREN OUT","","","","TerminalBlock_Phoenix:TerminalBlock_Phoenix_MKDS-1,5-2-5.08_1x02_P5.08mm_Horizontal",""
"J5","1","USB_C_Receptacle_USB2.0_16P","","","","Connector_USB:USB_C_Receptacle_GCT_USB4105-xx-A_16P_TopMnt_Horizontal","https://www.usb.org/sites/default/files/documents/usb_type-c.zip"
"Q2","1","BTA16-600SW","","","","Package_TO_SOT_THT:TO-220-3_Horizontal_TabDown","https://www.st.com/resource/en/datasheet/bta16.pdf"
"R1","1","1K","","","","Resistor_THT:R_Axial_DIN0207_L6.3mm_D2.5mm_P7.62mm_Horizontal",""
"R2,R3","2","10k","","","","Resistor_THT:R_Axial_DIN0207_L6.3mm_D2.5mm_P7.62mm_Horizontal",""
"R4,R6","2","330R","","","","Resistor_THT:R_Axial_DIN0207_L6.3mm_D2.5mm_P7.62mm_Horizontal",""
"R5","1","360R","","","","Resistor_THT:R_Axial_DIN0207_L6.3mm_D2.5mm_P7.62mm_Horizontal",""
"R7","1","39R","","","","Resistor_THT:R_Axial_DIN0207_L6.3mm_D2.5mm_P7.62mm_Horizontal",""
"RV1","1","10K","","","","Potentiometer_THT:Potentiometer_Bourns_3296W_Vertical",""
"U1","1","CH340G","","","","Package_SO:SOIC-16_3.9x9.9mm_P1.27mm","http://www.datasheet5.com/pdf-local-2195953"
"U2","1","AMS1117-3.3","","","","Package_TO_SOT_SMD:SOT-223-3_TabPin2","http://www.advanced-monolithic.com/pdf/ds1117.pdf"
"U3","1","MOC3063M","","","","Package_DIP:DIP-6_W7.62mm","https://www.onsemi.com/pub/Collateral/MOC3163M-D.pdf"
"U4","1","LCD-016N002L","","","","Display:LCD-016N002L","http://www.vishay.com/docs/37299/37299.pdf"
"U5","1","PCF8574T","","","","Package_SO:SOIC-16W_7.5x10.3mm_P1.27mm","https://www.nxp.com/docs/en/data-sheet/PCF8574_PCF8574A.pdf"
"U6","1","ESP-12E","","","","RF_Module:ESP-12E","http://wiki.ai-thinker.com/_media/esp8266/esp8266_series_modules_user_manual_v1.1.pdf"
